{"cameraMode":{"drawMode":0,"name":"Shaded","section":"Shading Mode"},"sceneLighting":false,"audioPlay":false,"sceneViewState":{"showFog":false,"showMaterialUpdate":false,"showSkybox":false,"showFlares":false,"showImageEffects":false,"showParticleSystems":false},"in2DMode":false,"pivot":{"x":174.76028442382813,"y":6.296474456787109,"z":31.052928924560548},"rotation":{"x":0.04644699767231941,"y":-0.04044468328356743,"z":0.0018709744326770306,"w":0.9981188178062439},"size":176.52227783203126,"orthographic":true}