{"cameraMode":{"drawMode":0,"name":"Shaded","section":"Shading Mode"},"sceneLighting":false,"audioPlay":false,"sceneViewState":{"showFog":false,"showMaterialUpdate":false,"showSkybox":false,"showFlares":false,"showImageEffects":false,"showParticleSystems":false},"in2DMode":false,"pivot":{"x":12.193470001220704,"y":-18.504013061523439,"z":25.0},"rotation":{"x":0.11073815077543259,"y":0.025340544059872628,"z":-0.002833692589774728,"w":0.9935376048088074},"size":100.39799499511719,"orthographic":true}