{"cameraMode":{"drawMode":0,"name":"Shaded","section":"Shading Mode"},"sceneLighting":false,"audioPlay":false,"sceneViewState":{"showFog":false,"showMaterialUpdate":false,"showSkybox":false,"showFlares":false,"showImageEffects":false,"showParticleSystems":false},"in2DMode":false,"pivot":{"x":12.744999885559082,"y":-14.669999122619629,"z":15.0},"rotation":{"x":0.05995301529765129,"y":0.01946413889527321,"z":-0.001166426227428019,"w":0.9980180263519287},"size":84.66606903076172,"orthographic":false}