{"cameraMode":{"drawMode":0,"name":"Shaded","section":"Shading Mode"},"sceneLighting":false,"audioPlay":false,"sceneViewState":{"showFog":false,"showMaterialUpdate":false,"showSkybox":false,"showFlares":false,"showImageEffects":false,"showParticleSystems":false},"in2DMode":false,"pivot":{"x":12.444196701049805,"y":-20.504013061523439,"z":25.0},"rotation":{"x":0.2210730016231537,"y":0.07014919817447663,"z":-0.015946630388498308,"w":0.9726117253303528},"size":104.99959564208985,"orthographic":true}